epoch,acc,loss,val_acc,val_loss
0,0.118000003677,2.29485393286,0.224000005722,2.2693225956
1,0.238666672558,2.18854055842,0.432000003755,1.85831269264
