epoch,acc,loss,val_acc,val_loss
0,0.12433333726,2.29494316181,0.308000011444,2.26902395248
1,0.232333339776,2.19131954312,0.310000010878,1.84838397503
